,MG,Sid
0,0.6625207296849088,0.5228853627744634
